Video Title,Video URL,View Count,Comment Count,Channel Title
New Mahindra Scorpio N 2024 | Ownership Review | Scorpio N Pros And Cons,https://www.youtube.com/watch?v=WoDQaSx7ifI,37212,74,Paras Gaba

Comments for Video ID: WoDQaSx7ifI
Comment,Reply
"Bhai ye sab thik hai. Can you answer,1) steering vibrations hai Kya?2) just need to confirm if wireless car play is working 3) any issue with touch screen?",(Comment Reply -@ParasGabaa: steering is great and the wireless connectivity lags once in a while but not too much . and the touch screen is average . thankyou for watching brother kindly subscribe and watch my new videos too â¤ï¸)
Back seats are good for kids,(Comment Reply -@ParasGabaa: yes only for kids. thankyou for watching brother kindly subscribe and watch my new videos too â¤ï¸)
Hello SirI book baleno in this month Can i register in December or in 1 January,(Comment Reply -@ParasGabaa: brother manufacturing year matters more than the registration year . so if the making is 2023 thn it doesn&#39;t matter when you apply for RC . Thankyou for watching brother kindly subscribe and watch my new videos too â¤ï¸)
20 21 ka bugat hai to konsa veriont lu z4amt ya z6 mt,(Comment Reply -@chaitanyashastry5964: Z4 amt)
Bhai thar badhiya lge hai k Scorpio N. Mne ek leni hai ..konsi leu smjh nhi arhi,(Comment Reply -@Honeysingh-vb9sy: Thar toh 2 seater hoti hai)
Waah good bhai.. yar ek video Kushaq par bh bna do please,(Comment Reply -@ParasGabaa: done very soon . thankyou)
"à¤ªà¤¾à¤°à¤¸ à¤­à¤ˆà¤¯à¤¾,,I&#39;m ashish Pandey jharkhand government employees age 35,,, baleno alpha à¤šà¤²à¤¾ à¤°à¤¹à¤¾ à¤¹à¥‚à¤‚,,,,à¤•à¥à¤¯à¤¾ z2 à¤²à¥‡ à¤•à¤° modification à¤•à¤°à¤¾ à¤²à¥‚ ?? Desial à¤šà¤¾à¤¹à¤¿à¤",(Comment Reply -@ParasGabaa: bhaii Xuv700 MX (base model) mujhe is se kafi better lagi amd z2 ko modified kara skte ho but after market modification isn&#39;t reliable for long term. Channel pr uska review available h aap jakr dekhiye . Thankyou for watching brother kindly subscribe and watch my new videos too â¤ï¸)
"Pronunciation mistake(Paranomic  sunroof).correct is panoramic sunroof).Enough money, but least english vocabulary. ğŸ˜…",(Comment Reply -@ParasGabaa: haha! hum hai Desi balak Gama Ke ğŸ«¡ Thankyou for watching brother kindly subscribe ğŸ™)
Bhai i have seen that right wheel is falling off and some serious accidents have happen!! can you confirm if that issue is fixed,(Comment Reply -@ParasGabaa: Brother I&#39;ve not felt any issue like that in this suv so maybe thats improved.  thankyou for watching brother kindly subscribe and watch my new videos too â¤ï¸)
BC gun leke ghoomta hai Banda... Tashan hai Bhai kağŸ˜‚ğŸ˜‚,(0)
Abi b temporary no lgi hai gaadi pe to review glat hoga...,(Comment Reply -@ParasGabaa: bilkul sahi to aapko khud ki khareed ke pata chlega to lagao paisa khareedo or fir aapse review lete h sahi vala. thankyou for watching brother kindly subscribe and watch my new videos too â¤ï¸)
"Serious reliability issues aur accidents ho rahe hai, thoda paisa lagao yaad loan leleo, lekin Toyota le lo pachtaoge nahi",(Comment Reply -@ParasGabaa: brother mahindra is scoring  same in ncap as toyota and this product is new and will take some more improvements i agree . thankyou for watching brother kindly subscribe and watch my new videos too)
"@paras bhai, xuv700 ya scoprio main kon se achi hai? and maine 1-2 din main gadi chahiye...kai jugad chalega ğŸ˜…",(Comment Reply -@ParasGabaa: haha! jugad to bhaii mauke ke h sab . and mjhe xuv700 all over performance me better lagti h but muscular look and road presence me scorpio n . baki decision aapka. thankyou for watching brother kindly subscribe and watch my new videos too â¤ï¸)
Mere pass bhi hai ye ek saal hua hai liye hue dimag kharab ho gaya haiâ€¦.bekar gari hai reliable bilkul bhi nahi haiâ€¦.N hata k crysta le raha huâ€¦15 January k baadâ€¦bekar gari hai bhai mat lena,(Comment Reply -@ParasGabaa: Aapka experience hume batane ke lie à¤§à¤¨à¥à¤¯à¤µà¤¾à¤¦.  agar aap apna review share krna à¤šà¤¾à¤¹à¤¤à¥‡ hai à¤¹à¤®à¤¾à¤°à¥‡ channel to aap hume Contact kr skte h . Whatsapp 9068762307 . thankyou for watching brother kindly subscribe and watch my new videos too â¤ï¸)
Xuv 700 or Scorpio N. I m fully confused ğŸ˜¢,(Comment Reply -@ParasGabaa: brother xuv700 seems better to me . but I&#39;ve reviewed xuv700 also you can check it out on my channel for clarity . thankyou for watching brother kindly subscribe and watch my new videos too ğŸ˜‡ ğŸ™ â¤ï¸)
 that pistol hooter tells everyhing about himâšœï¸ğŸ¦,(Comment Reply -@ParasGabaa: yeah! Thankyou for watching brother kindly subscribe and watch my new videos too ğŸ˜‡ ğŸ™ â¤ï¸)
Mahendra wle to mama h bal ğŸ˜…ğŸ˜…,(Comment Reply -@ParasGabaa: thankyou for watching brother kindly subscribe and watch my new videos too â¤ï¸)
Creta top model le ya scorpio n z8,(Comment Reply -@ParasGabaa: scorpio bhaiii â¤ï¸ Thankyou for watching brother kindly subscribe and watch my new videos too â¤ï¸ ğŸ™ ğŸ˜Š)
BoysWe should promote our Indian products! We have to compromise little bit!!!,(Comment Reply -@ParasGabaa: completely true ! Thankyou for watching brother kindly subscribe and watch my new videos too â¤ï¸ â˜ºï¸ ğŸ™)
"Bhai itna hi rutba hai toh land cruiser le leta , .....yu ke thhali?","(Comment Reply -@ParasGabaa: le lenge bhaii jald hi , Thanks for watching Kindly subscribe and watch my new videos too â¤ï¸ â˜ºï¸ ğŸ™ ğŸ˜Š)"
Worst product by Mahindra please don&#39;t buy and support the person who lost his one leg.https://youtu.be/QVmgeBYva9o?si=pI0R54kZnfT5kvG4,(0)
"Wheels comes outğŸ˜‚ğŸ˜‚ğŸ˜‚legs will be chopped off, mahindra unresponsive service centres harrasment and attitude and donkey executive... In future it will catch fire ğŸ”¥ğŸ”¥ğŸ”¥",(0)
Bhaya base model le sakte hain kya aur petrol mein ya diesel me lena thik hoga agar meri running mahine mein 700 km hai?,"(Comment Reply -@ParasGabaa: suv to bhai sirf diesel me hi lene ka maza h and haan bilkil le skte ho base variant lekin thora kaam karana pdega usme , Thanks for watching Kindly subscribe and watch my new videos too â¤ï¸ â˜ºï¸ ğŸ™)"
I am proud top end diesel automatic 4x4  for more than yeyar now done 45000 kms.I feel it is very fantastic product for value no major issues except unpredictable Android auto ( this is not Mahindra s fault ) Diesel engine is very Punchy and smooth feels like driving petrol engine.Gear shifting also smooth and have sport car like handling.There are some vertical movement but every body on frame SUV has it but it is more stable than a fortuner similar to endeavour.If anyone wants real SUV with 4x4 and body on the frame go for it.,(0)
Bhi body roll hai Mari wali to 9 ka avarage deti haiBraking jabardast hai,(0)

Video Title,Video URL,View Count,Comment Count,Channel Title
Scorpio N 2024 Top Model Z8L | Pros and Cons | OWNERSHIP REVIEW ğŸ”¥,https://www.youtube.com/watch?v=8F190M6w5aI,4081,22,Bunch of Tech

Comments for Video ID: 8F190M6w5aI
Comment,Reply
Camera wala 360 karna chaye! Bhai Hindi me banao,"(Comment Reply -@BunchofTech: Hi, Haa Hindi me bhi banaunga videos. Subscribe karna aur video/channel ko share bhi :))"
"I agree that the front camera should engage when parking, additionally I feel that the front camera should also engage once we put the first gear into action and start to drive.",(Comment Reply -@shreyaskunder3788: The rear blower actually has a separate cooling coil and is made to throw cooled air for the third row hence the extra power since the third row doesn&#39;t have any ac vents.)
Does petrol drive feel confident at 120 speeds ? We are looking for highway and hills combo. But performance is also required. Could you share some light ?,"(Comment Reply -@BunchofTech: Hi, petrol and diesel is both are really good at high speeds and the handling is very good. Performance is not an issue because the petrol is a 200hp which is good. <br>Do subscribe to the channel:))"
Urs a diesel or a petrol,"(Comment Reply -@BunchofTech: Hi, mine is the diesel variant. Do subscribe to the channel:))"
I live in Melbourne and thinking of getting one of these. Thanks for the  insight much appreciated. Car looks really good probably the best looking suv in the market period. If they can quickly iron out the problems you have mentioned I&#39;d at my closest dealer in no time.,"(Comment Reply -@BunchofTech: Hi, it is really nice to own one. But it doesnâ€™t come with its glitches. Most of them for me are tolerable except the cruise control on/off glitch - very irritating! <br>Overall, Iâ€™m enjoying the car :)<br>Do subscribe to the channel and share the video with friends and family:))"
"Forgot to add excellent video, loved it. Looking forward to more  of it, please keep it rolling.",(Comment Reply -@BunchofTech: Thanks :) What do you want to know in particular?)
They should have given sliding armrest in the front,(Comment Reply -@BunchofTech: Yes agreed! And also more storage in the front armrest. Because of the blower coil the arm rest storage is also less.)

Video Title,Video URL,View Count,Comment Count,Channel Title
Scorpio N 2024 Ownership Review |ğŸ¤¦ğŸ» Problems in New Scorpio N | Scorpio N Top Model Owner Review,https://www.youtube.com/watch?v=ptuc-b4vqy0,7524,7,RNK AUTOS

Comments for Video ID: ptuc-b4vqy0
Comment,Reply
"Yogesh ke batane ki style is amazing, enjoyed video",(Comment Reply -@rnkautos: Thnx bro do subscribe for more)
Mai karta hu travel vageraâ€¦ matlab kuch  nahi karta bas mauj maarta hu ğŸ˜‚,(0)
Best car hai is price point per mere 20000 km Chalie hai ..koi issue nahi hai z8L hai,(0)

Video Title,Video URL,View Count,Comment Count,Channel Title
"Mahindra Scorpio-N | Real Owners, Real Stories | Mumbai Chapter | PowerDrift",https://www.youtube.com/watch?v=xY8PpD1KTek,356487,70,PowerDrift

Comments for Video ID: xY8PpD1KTek
Comment,Reply
That&#39;s a good looking car ğŸš¨,(0)
Let&#39;s see how is turns out to be in the long run with mahindra&#39;s rust issues and parts longivity.,(0)
That brakelights looks like a Volvo Xc70. Naahh! I&#39;ll better choose a Xuv700 and wait for 8 months.,(Comment Reply -@videosulllike3110: So you mean to say Volvo Xc70 lights are ugly??)
You got a very nice pair of shoes,(Comment Reply -@videosulllike3110: And watches too.)
"So, the scorpio is going to leave a sting. Got it! and yeah, very interesting indeed!",(0)
Looks like some mahindra executive boasting its car. By no means m saying its a bad car. But all positive and talking abt mahindra history when nobody aksed him abt it. There is no drawback that he has mentioned And asking a guy who has not even driven 1000 km on it.,(0)
1 month is too soon to get a realistic experience review.  Everyone loves their car when itâ€™s brand new.  ğŸ˜…,(Comment Reply -@arko966: Exactly... It&#39;s only VW cars that people still love when they are old.)
Next time consider female car owners as well.,(0)
"When the shameless company blatantly barks lie of &quot;FASTEST BOOKED EV&quot;, it&#39;s not at all suprising to watch a cutputli doing overacting upon a pre-written script given by company.",(0)
"INDIANS WERE EXPECTING OSCAR NOMINATION for Jr. NTR in best actor category, but that didn&#39;t happen. But next year, Indians can be sure of two Best Actor Oscar nominations. I hope everyone understands.",(Comment Reply -@vahshihaokip7641: Lo 00)
"Sorry, I didn&#39;t like this video. There is nothing new or interesting. We expect more from you Sir.",(0)
"Unique style. Nice take on ownership review, but was it one ? Either way nice presentation, good connect.",(Comment Reply -@nandemanjhi3999: I&#39;ll)
"Cyrus I like you and overall powerdrift , but this kind of guests will ruin your show. He talks like  an illogical fanboy with no objectivity. Scorpio-N is a good vehicle but at the same time with 1000km mileage on odo and self-obsession - Nothing meaningful expected.",(Comment Reply -@videosulllike3110: Paisa babu bhaiya paisa....paisa bolta hai...)
"I somehow don&#39;t like the proportions of this Car. Moreover,  The rear is like a Tempo. With all the might they have, Mahindra should design better cars.",(0)
"TBH... This is one of the most boring, worthless, review of all time....ğŸ¥´ğŸ¥±ğŸ¤¨",(Comment Reply -@faiz3346: ğŸ’¯)
I&#39;d be glad to have a Kashmir Chapter of this video hosted since Cyrus actually made me buy the black colour !,(0)
We had a 2003 Mahindra Scorpio GLX TURBO 2.6 IN BLACK till Dec 2022 . And exchanged it for a brand new ScorpioN Z4 Diesel automatic 2WD in Everest white. As the tagline goes NOTHING ELSE WILL DO. ğŸ«¡ğŸ«¡@cyrusdhabar. Pls see the comment.,(0)
Kya thake hue questions pucha yaar. He didn&#39;t say anything.,(0)
Hay are you making video on 2023 390 advanture.......?,(0)
"Someone please tag arun pawar, her garage and kaushik vlogs etc etc show them this is how you do car vlogs.",(0)
What a dumbo ğŸ˜‚ğŸ˜‚ owners like these ruin storie of such good cars!,(0)
No 4x4 in petrol versions come on Mahindra please don&#39;t do this,(0)
At  there&#39;s oil on head cushion ğŸ˜‚,(0)
Proud Owner of Scorpio N. Having been owned for 4 months and driven 12k Km now. I can vouch this is one of the most value for money product which is available now. There are some fine tuning issues but that can be overlooked considering the offerings. Happy driving!!,(0)
"Câ€™mon cyrus, more tech specific information expected from you regarding after sales n services",(0)
Bought it because it has a sunroofğŸ˜‚ğŸ¤£ the key ğŸ˜‚,(0)
You got a guy who literally did not say anything about the car.,(0)
I am a Scorpio N owner in chennai and man do I love this car.,(0)
Cyrus eating is the most reliable way to engage with the audience,(0)
"Cmon powerdrift, you could do better.",(0)
"He is fan boy any way you wonâ€™t say anything negative about the car ware of time watching this video ,Power drift donâ€™t spoil your reputation with such videos please.",(0)
Remember sneaking out our 1st gen Scorpio at night and driving across Bombay â€¦. And getting caught in the morning because we came back at 7am instead of 5am because it was such an awesome car to just drive and to sail in it â€¦.. ğŸ˜Š,(0)
"Looks like mqhindra andhbhakth, man stop eating those dessertz , take care",(0)
"Review is powered by Mahindra kickback injection, both forgot to mention the car variant and started running thier mouth about Mahindra and Mahindra etcMoney matters...",(0)
Car owner looks like prashanth sambargiğŸ˜‚,(0)
"These cars ard used to represenr women body in our town , not sure india is sling women body according to them , 2 women also go around , i assume they are those fellows wives , lots of money earned in this whole process",(0)

Video Title,Video URL,View Count,Comment Count,Channel Title
Scorpio N Long Term Ownership Review | New Mahindra Scorpio N 2024 Pros and Cons | à¤¸à¤šà¥à¤šà¤¾à¤ˆ à¤†à¤¯à¥€ à¤¸à¤¾à¤®à¤¨à¥‡,https://www.youtube.com/watch?v=sH8cXoar-jA,9684,23,RNK AUTOS

Comments for Video ID: sH8cXoar-jA
Comment,Reply
"sir ,scorpio n automatic le yaa manual or color white le yaa black?",(Comment Reply -@rnkautos: As per your choice)
"Sir mere sath ulta hua hai, Dee emm ne mujhe premium ki bina gadi dene ke liye hi mana ke diya tha and koncept ne without premium book ki hai.",(Comment Reply -@rnkautos: Dealership issue to h bhai sabka apna experience h)
Dog susu krke chla gya  minut me dekho udhr bhi Dhyan dijiye ğŸ˜‚ğŸ˜‚ğŸ˜‚ğŸ˜‚,(Comment Reply -@rnkautos: Ohhh bhai apki observations ko 21 topo ki salamiğŸ˜‚)
Petrol gadi he ki diesel ?,(0)

Video Title,Video URL,View Count,Comment Count,Channel Title
Scorpio n z8 select ownership review | Scorpio n best variant? | pros and cons in Mahindra Scorpio N,https://www.youtube.com/watch?v=BQ4mXXSRm9o,10634,13,RNK AUTOS

Comments for Video ID: BQ4mXXSRm9o
Comment,Reply
Sir Z8 Select automatic leni cahiya ja frr Z8 manual ..?,(Comment Reply -@kds9377: Mena manual li h mast h)
"Walia ji aapko is low speed pe high speed lane/ overtaking lane me nhi chalna chahiye, is se  high speed pe chalne valo ko problem hoti hai unhe wrong side se overtrake karna padta hai. pls keep in mind. India me abhi trucks bhi isi lane me chalte hai unhe bhi educate karne ki jarurat hai ki truck lane me hi chale not in high speed/overtaking lane....Baki apki choice is very good.",(Comment Reply -@udaychandrabharti3692: Wesa Jo bhi ho baki cheeja very well explained by both nice review)
Mujhe 12 se zyaada ki mil rahi hai city mein,(Comment Reply -@KnowledgeClues: Petrol or diesel<br>Manual or automatic <br>??)

Video Title,Video URL,View Count,Comment Count,Channel Title
Mahindra Scorpio N 2024 Honest Ownership Review,https://www.youtube.com/watch?v=ccxm7c-g-h4,23448,54,Paras Gaba

Comments for Video ID: ccxm7c-g-h4
Comment,Reply
Ram Ram Sirssi ki machinery ki vdo upload koro,"(Comment Reply -@ParasGabaa: Ram Ram , and jald à¤•à¤°à¥‡à¤‚à¤—à¥‡,  Thanks for watching Kindly subscribe and watch my new videos too â¤ï¸ â˜ºï¸ ğŸ™ ğŸ˜€)"
"Love you bhai after ,2 month i will also buy this car","(Comment Reply -@ParasGabaa: love you too brother,  snd congratulations in advance.  thankyou for watching brother kindly subscribe and watch my new videos too â¤ï¸ â˜ºï¸ ğŸ™)"
Last row me AC ka kese hota hoga cooling kesi hai last vali row me,"(Comment Reply -@ParasGabaa: bhaii AC ko lekr kisi bhi row me koi problem nhi h , thankyou for watching brother kindly subscribe and watch my new videos too â¤ï¸ â˜ºï¸ ğŸ™)"
Bhai black hai mere pass up me Mghko automatic chaheye white exchange krna chahega koi,"(Comment Reply -@ParasGabaa: haha! dekhte h agar koi maan jaye to , Thanks for watching Kindly subscribe and watch my new videos too â¤ï¸ â˜ºï¸ ğŸ™)"
I&#39;m ur new subscriber Sir â¤,"(Comment Reply -@ParasGabaa: Thanks and welcome , I&#39;m Glad to hear from you,  ğŸ™â¤ï¸â¤ï¸â¤ï¸)"
Sar petro  le le resale kese he,"(Comment Reply -@ParasGabaa: bhot bekar resale h petrol ka , SUV&#39;s are meant to be diesel only â¤ï¸ğŸ™ Thanks for watching Kindly subscribe and watch my new videos too â¤ï¸ â˜ºï¸ ğŸ™)"
Backside se 19 Wagon R lagta haiğŸ˜¢ğŸ˜¢ğŸ˜¢ğŸ˜¢,"(Comment Reply -@bhupeshdewangan9393: aaju baju khada kar dono gadi ko phir batana, sher kon hai chuha kon)"
Loda nai deta koi space ye sab video mai hota hai ki light maari aur space.....aaj kal choti gaadi mai bhi dum vaale bande hote hai jo chapriyo ko bina vajha space nai dete....haan jaha pass hota hai vahi milta hai....,(0)
Loda nai deta koi space ye sab video mai hota hai ki light maari aur space.....aaj kal choti gaadi mai bhi dum vaale bande hote hai jo chapriyo ko bina vajha space nai dete....haan jaha pass hota hai vahi milta hai....,(0)
Bakwas Model rear se Wagonr ja rhiii hai ya traffic mei khdi ho to lgtii hai kii wagonr hii rear design fail baki best hai,(Comment Reply -@ParasGabaa: owner is happy with the looks  ! thankyou for watching brother kindly subscribe and watch my new videos too â¤ï¸ â˜ºï¸ ğŸ™)
New sccorpio n petrol manual good or not,(0)
Mera name bar bar mot lo bhai saram ati hei ğŸ˜…ğŸ˜…ğŸ˜‚,(0)
Itna paani kyu maar rahe ho bhai,(0)
Trolly laga lo bootspace ke liye....had ho gai 7sheetr gaadi he boot space kaha se ayega ....faltu ki bat per video banate rhte he..,(0)

Video Title,Video URL,View Count,Comment Count,Channel Title
"Mahindra Scorpio N Pros, Cons, And Should You Buy One? | Hindi Mai | CarDekho",https://www.youtube.com/watch?v=rEFoXlPeJa4,85344,32,CarDekho

Comments for Video ID: rEFoXlPeJa4
Comment,Reply
Waiting for the cons of this car,(Comment Reply -@ag7487: ğŸ˜)
"No boot space, no hybrid technology and worst fuel economy.",(Comment Reply -@sunandks: Pls take Grand Vitara)
à¤¬à¥‚à¤Ÿ à¤¸à¥à¤ªà¥‡à¤¸ à¤¤à¥‹ à¤¹à¥ˆ à¤¹à¥€ à¤¨à¤¹à¥€à¤‚ à¤‡à¤¸à¤®à¥‡à¤‚à¥¤ à¤¬à¥‚à¤Ÿ à¤¸à¥à¤ªà¥‡à¤¸ à¤®à¥‡à¤‚ à¤•à¥‡à¤µà¤² à¤¬à¥‚à¤Ÿ à¤¹à¥€ à¤† à¤¸à¤•à¤¤à¥‡ à¤¹à¥ˆà¤‚ à¤¸à¥à¤•à¥‰à¤°à¥à¤ªà¤¿à¤¯à¥‹ à¤à¤¨ à¤®à¥‡à¤‚ à¤”à¤° à¤•à¥à¤› à¤­à¥€ à¤¨à¤¹à¥€à¤‚à¥¤,(0)
Purchase kar to le mile to sahi jaldiğŸ˜‚ğŸ˜‚,(0)
Scorpio n z2 petrol ka review banao please,(Comment Reply -@simardeep1992: Sahi kaha z2 Variant ka review banao)
Discription me scorpio vs Innova nahi hai,(0)
bolero Neo can become a ideal 4*4 if offered in 5 seater version only and with 4wd option and 4 cylinder engine,(Comment Reply -@kapilparaste4193: Bolero ka next generation touch karna cahiye)
Bhai khareedni chahiye nhi mai ne kharid liyağŸ˜‚,(0)
Pta nhi kis angle se photo click krte h à¤›à¥‹à¤Ÿà¥€ à¤¸à¥€ sunroof bhi à¤¬à¤¹à¥à¤¤ à¤¬à¤¡à¤¼à¥€ à¤²à¤—à¤¤à¥€ à¤¹à¥‡ll,(0)
mld should be provided in future as stock or company fitted,(0)
MLD should definitely be offered. Missing out on Scorpio N and giving it on the Bolero Neo makes no sense. Same with the hydraulic struts for the hood. They give it on the Scorpio Classic but not on the Scorpio N. And for Gods sake launch one with the jump seats. As such the last row is a joke for passengers and luggage.,(0)
Tata safari is the best option in place of scorpio n,(0)
Please make a video on tyre sizes and it&#39;s pros cons.,(0)
New design of Scorpio is very nice â¤ï¸,(0)
All is good on vehicle design and specs. Delivery kaab millegi?,"(Comment Reply -@cardekho: For the availability and waiting period, we would suggest you to please connect with the nearest authorized dealer in your city as it depends on their stock book. Follow the link and select your desired city to get your nearest dealership: <a href=""https://bit.ly/3V7G3YZ"">https://bit.ly/3V7G3YZ</a>)"
Mahindra Scorpio N can be a powerful SUV that is good for city roads.,(0)
"Pros- 1)Powerful Engine2)Modern Design3)Perfect Drive Experience4)Better than old scorpio5) More Width, Wheelbase, Length of carCons- 1)No luggage space2) Knee room for 3rd row is low3)Head room can be problem for 6ft person",(0)

Video Title,Video URL,View Count,Comment Count,Channel Title
2024 Tata Safari vs Mahindra Scorpio-N | MotorBeam,https://www.youtube.com/watch?v=XxGN_cWH6PM,309763,673,MotorBeam

Comments for Video ID: XxGN_cWH6PM
Comment,Reply
Tata has too many QC issues.,(Comment Reply -@lovetocrack3443: more with mahindra)
Hello #MotorBeamers! Which one will you buy?,(Comment Reply -@stebinmolshoy4298: Any day Scorpio N)
Or abhi bhi sales Scorpio s11 ke jada hogi ğŸ˜‚,(Comment Reply -@stebinmolshoy4298: Bilkul sahi Bhai)
Seven seater harrier crying in front of Scorpio N,(Comment Reply -@joydeep23129: In your dreams)
After having more power and torque on scorpion... The drag race winner is safari in diesel,"(Comment Reply -@monikabhati4991: I guess neither u have any idea how physics work , nor u know how body type (MONOCOQUE VS BOF) works ! ğŸ˜‚ğŸ˜‚ğŸ˜‚)"
This guy video starting itself slightly support scorpio and at last he like scorpio ğŸ¤£,(Comment Reply -@rsrinivasaditya9680: ğŸ˜‚ğŸ˜‚ğŸ˜‚)
This is not perfect competitor of ScorpioN because ScorpioN is 4WDThe perfect competitor is Safari vs XUV700,(Comment Reply -@shashankars3632: True)
Better compare safari with Renault triber,(0)
"You can move 2nd seat forward , why didint you tell this","(Comment Reply -@joydeep23129: Exactly I&#39;m also thinking about the same thing, the 2nd row seats in Safari are slidable whereas it is fixed in Scorpio N, but I don&#39;t why he didn&#39;t mention that while comparing. Also, every other automobile journalist or car reviewer claims that Safari offers the most kneeroom in its segment while Scorpio N is generally known for having the least but here he said the exact opposite of that. Don&#39;t know what was actually going on there.)"
"Ha ha ha safari is looking like chinese toy in front of more macho and muscular Scorpio N , i pity what tata did to â€œSAFARIâ€ brand ! Kaha safari Storme aur kaha ye !ğŸ˜‚",(Comment Reply -@PureRythm: Ok..ğŸ¤¦ğŸ¤¡ğŸ¤¡)
"Scorpio is really big,, just have a stand next to it, itâ€™s as big as fortuner.. itâ€™s a full size D Segment suv like fortuner isâ€¦",(0)
"Feature, looks, comfort, modern tech : Tata Reliability, driving comfort, Handy service, offroad, Refinement : Mahindra",(Comment Reply -@pgohil100: Correct)
One is a cross-over and another is a real SUV.,(Comment Reply -@failgame3946: Cross - over is the futureğŸ˜‚ğŸ˜‚ğŸ˜‚)
Very evidently biased towards Mahindra .. bhai if you doing review pls do it with honestlyâ€¦,(Comment Reply -@vigneshniru: When u call it comparing suv. U have to lean towards suv ğŸ¤£)
Tata should have better  ( vfm ) lower varients....Becuz people who looking for Scorpio n ( z6 ) ( z4 )or ( xuv mx / AX3)  can also consider this ğŸ˜¢ğŸ˜¢,(0)
"Biased b.s. , totally different segment, best in their respective class. Stupid review.",(0)
"safari is good but lacks characteristics of og safari its just a harrier with 2 extra seats  its more like a competitor for  xuv 700 , scorpio n sits on his own league  because the only other competitor is fortuner  so this comparison is meaningless other than their names.",(Comment Reply -@vedantbhardwaj6969: Scorpio N also doesn&#39;t sit with the name Scorpio but more like wagon r with extended body and height<br>And bigger engine<br>ğŸ˜’)
Aisa lag raha hai ki Scorpio N ka review dekh raha Hun...ğŸ˜‚ğŸ˜‚,(0)
Real Suv vs pesudo Suv Supari,(0)
Bhai Saab third row bachho k liye Hai ...Or scorpio k third row mey jaane sey pahley aap video ko speed kyu Kiya ..,(0)
Bahi ye thoda jada biased lg raha hai ğŸ˜‚,(0)
I have Scorpio n manual.  Nothing can match the driving feel it gives.,(Comment Reply -@pgohil100: Diesel or petrol?)
Why i feels like this video is mainly baised towards scorpio after watching .,"(Comment Reply -@pgohil100: Clearly mentioned Safari has better looks, more comfort, more features and more tech. Do watch the full video! ğŸ˜Š)"
If Mahindra improves after sales nothing can beat their SUVs.I have Scorpio N petrol amd the drive is so smooth.Safari after borrowing parts from everywhere is like a gift packed well whereas Scorpio N is a real car with no gimmicks but only business.,(Comment Reply -@pgohil100: Well summed up. How many kms done on your car?)
Bhai pehle hi bol deta scorpio mujhe pasand hai safari kuch bhi karle main scorpio ko hi jeetaunga,(0)
Scorpio cant be compared with Safari...you should compare safari with XUV700...waste of time,(0)
No matter which car u like But i am very happy seeing our Indian car companies Making Amazing cars ğŸ’¯ğŸ”¥,(Comment Reply -@pgohil100: Thatâ€™s true. Both Tata and Mahindra are doing phenomenal work)
Please do a fair comparison looks like more favourable to Scorpio N,(Comment Reply -@thegadgetdrive1842: Paid boy)
"There is no comparison between 2. One is ( SN) &quot;Real&quot; SUV with body of frame, Rear wheel drives, 4X4, &amp; Rugged..Other one ( Safari) is front wheel drive ( like Car) with high ground clearance. Yes, Safari has good power and Torque similar like SN. But there is not comparison. If you want to compare, Compare with XUV700 vs Safari.Tata should use Old Safari characteristics- (body of frame, Rear wheel drives, 4X4, &amp; Rugged..) in new Safari to compare against SN.",(Comment Reply -@vedantbhardwaj6969: Kosish kiya tha tata ne pehele but logo ne khareeda nhi <br>Jab gadi thi tab purchase nhi karta tha<br>ab jab gadi nhi hai toh sabko randi rona karna hai ğŸ˜’<br>Mere words harsh honge but truth hai lekin)
Hat&#39;s off to Mahindra they paid so well to youtuber.TATA should must learn this thing...Comparing two different cars itself is a jokeğŸ˜‚ğŸ˜‚ğŸ˜‚,"(Comment Reply -@pgohil100: Scorpio and Safari are being compared since 20 years. Both were original Body On Frame and while Scorpio retained that characteristic, Safari couldnâ€™t retain its original DNA. If Mahindra would have paid me, I wouldnâ€™t have mentioned so many times that Safari looks better, has better comfort and has more features + tech ğŸ˜Š)"
Bro concluded Less features = More reliable,(Comment Reply -@pgohil100: After seeing numerous complaints about Tataâ€™s reliability from customers online)
TATA safari baap of all suv â¤â¤,(Comment Reply -@Truly-Nitin: Its not SUV dude..<br>It is Crossover<br>FWD <br>Underpowered incapable crossoverğŸ˜‚ğŸ˜‚ğŸ˜‚)
"Scorpio m features km h but it&#39;s okayWahi safari m thora kuch Kami nikalne m expression ğŸ˜‚ğŸ˜‚ğŸ˜‚ğŸ˜‚Bhai accept it ki tata is bringing revolution just like reliance made by bringing jio,Ye toh shuruwat h aagey toh tahalka machega",(Comment Reply -@Truly-Nitin: Lets see...<br>We all know<br>Mahindra is king of SUV...<br>It will always remain)
Isi engine ko compass ya hector compare kroge toh acha kahoge,(Comment Reply -@pgohil100: Bhai Jeep banata hai yeh engine and MG aur Tata ko supply karte hai. Bilkul same engine hai Harrier Safari Hector Compass Meridian mein)
"Safari thodi na off roading kar sakti hai, jitni XUV 700 AWD aur Scorpio N 4WD kar sakte hain ğŸ˜‚ Nayi Safari mein toh SUV ka dhaakad hi nahi hai...",(0)
"True competitor of SAFARI is XUV 700 as both are luxurious, both have FWD and Awd option on xuv 700",(Comment Reply -@sanurawat1651: Exactly....)
Mujhe hindusthani utpadano ko istemal achha lagta hai aur mein har kisiko yahi kehta hu ki har hindusthani ne hindusthani utpadano ko hi kharidna/istemal karna chahiye.,(0)
These two are different vehicles. Compare Safari with XUV 700. Inappropriate to compare a monoframe FWD with chassis frame RWD/4WD.,(Comment Reply -@user-wn6yv9cu1p: Kyuki safari XUV 700 k aage compare karne k layak nhi he bewaja humiliate ho jata safariğŸ˜‚ isiliye scorpion k sath compare Kiya.)
Very baised towards Scorpio N ğŸ˜‚,(0)
"these cars as a 7 seater are not comfortably  to be honest, we are better off with Innova Crysta great mechanical package",(0)
"Guys after the new launch of tata safari and harrier,this you tubers are like supporting Mahindra like any thing",(0)
PAID BY ACRICAN CHI CHI ğŸ˜‚,(Comment Reply -@goreshashi1290: ğŸ˜…)
"Biased towards Scorpio n, compare both equally, This time TATA rocks",(0)
"Scorpio is fine , one drawback from safari has to provide petrol vehicles.  Build quality, space, features vise everything looks good.",(0)
If your hidden support One side(ScorpioN) then why you are compareing both?ğŸ¤¨ SAFARI has everything is far better than SCORPIO N except offroad capabilities,"(Comment Reply -@Truly-Nitin: Scorpio N has better engine, rear wheel drive , ladder on frame chasis also dude...<br>Safari is a feature rich Crossover nothing more than thatğŸ˜‚ğŸ˜‚ğŸ˜‚ğŸ˜‚)"
"Value for money scorpio, mahindra have their own engines tata buys them from fiat thus tata cars have higher price tag",(0)
Are bhai safari ki screen slightly better nai far better hay scorpion se ğŸ˜‚,(Comment Reply -@Truly-Nitin: Lagg dekhe ha safari ki screen me..and<br>Fuddu car is driven by engine not by screen..<br>Which Scorpio N has better with better Transmission..ğŸ˜‚ and capable..<br>Will you able to buy Scorpio N<br>Answer is NO<br><br>Waiting hi itna ha)
3rd row is better in safari thn scorpio N,(Comment Reply -@Truly-Nitin: Yes bcz of sliding middle row)
@pgohill I expected another alternate car ( signature style of motorbeam) at the end driven by faisal!!!!,(0)
no meanings in comparing a front wheel drive &amp; a RWD ..Both have different driving Nature .take new safari with XUV700,(0)
chal bbhai kya majak karte ho... safari ki 3rd row much better than scorpio n,(0)
"Ill takenthe scorpio with my eyes closed..For where i live (sikkim), the 4wd and rear wheel drive option that the scorpio provides makes it an easy choice..",(0)
Lol clearly on the side of Scorpio NğŸ˜‚,(0)
Safari is simply a better product unless you&#39;re living in extremely bad terrains,(Comment Reply -@Truly-Nitin: Safari is a crossover not SUV like SCORPIO N...<br>Old Safari was gr8)
bhai kaha aap is kachre ko safari se compare krne a gaye  . kuch to socha hota,(0)
"i prefer TATA SAFARI â€¦. with family inside the car anyone wants more space , comfort and features to cushion them !!!!! thatâ€™s safari !!!!",(0)
Tata safari is looking like landrover ğŸ¥‚â¤ï¸ğŸ”¥ğŸ˜,(Comment Reply -@user-wn6yv9cu1p: Andhbhakto ko tata land rover dikhti he aur land rover tata. ğŸ˜‚ğŸ˜‚)
"People blame Safari and Harrier for not having AWD, but we should see that these cars are the most capable FWD car for off roading and anyway only 15% of the owners would go for extreme off-roading, most of the owners are looking for comfort, features, styling, etc.","(Comment Reply -@user-wn6yv9cu1p: If I m paying more than 20lakh for an suv, I must get 4x4 feature. Period. If I  needed only features and comfort I wud gone for Hyundai because tuccson is the best in its segment)"
 TOP LEFT (seat belt) what is this Mahindra?,(0)
"Bhai mujhe gaadi family ke liye leni hai, kheton me nahi bhagani hai. Safari is better in almost all regards and more practical than ScorpioN.",(Comment Reply -@nishangorai2002: Correct totally  agreed)
"This facelift literally, changed the game. All of my baits to Tata.",(Comment Reply -@FTHMA574: But it does not effect in sales)
At least Scorpio wonâ€™t get stuck because of 4*4,(0)
Real carlovers will prefer scorpio N,(Comment Reply -@rps5952: Real car lovers can only afford a scooter!)
Since when do scorpio 3rd row got similar to safari. Safari has the most practical 3rd row of the segment with slidable middle row,(0)
WTF is wrong with this guy ? Either talk in complete Hindi or completely in English ! Faisal khan look into this issue seriously,(0)
This video feels a bit biased towards scorpioN,(0)
Ye sub to thik he tata ne apna engine pe kam kiya ki nhi ğŸ˜…?,(0)
i love tata.   Mahindra is chor.,(0)
Actually you should compare the XUV 700 with the Safari as it build is build on a monocoque &amp; the Scorpio N is built on a ladder frame so both of these are build for different purpose. One is a desi Range Rover Defender &amp; the other is a &quot;go anywhere&quot; tough bull.,(Comment Reply -@user-wn6yv9cu1p: Lol... Desi range rover got polio on its rear wheelsğŸ˜‚ğŸ˜‚ğŸ¤­ğŸ¤­.)
Why this review is quite baised,(0)
There is no comparison between these 2 machines..Scorpio N is real SUV and far ahead when it comes to capability and driving performance+pleasure.On other hand Safari is crossover and for people who want more features and car in cabin comfort...Scorpio N does not have any competition in its category..Thats why it got 1.5 lakh bookings and still People are in queğŸ˜‚ğŸ˜‚ğŸ˜‚ğŸ˜‚...,(0)
Scorpio hands down. I have driven it. I will buy it just for seating position. And engine is next level.,(0)
Wrong comparison. It should be between XUV and Safari.,(0)
Suv vs hatchback comparison is not fair ğŸ˜‚ğŸ˜‚ğŸ˜‚,(0)
Tum chutia ho tumko kuch nhi pata,(0)
I agree with you on power. I have driven both safari and harrier. Scorpio n just zooms and safari is having a lag. I test drived around half dozen diesel vehicles. But none would match that adrenaline rush scorpion n provides,(Comment Reply -@muthulakshmimuthiah4804: you mean scorpio n good comparitively?)
"Amazing review,  I would certainly go for SUV i.e Scorpio-N and will never prefer a MPV i.e Safari",(0)
Ford suv should be one of competetor in this category in india..but they left..we miss it.,(0)
Mahindra needs to upgrade his all cars interior and exterior.,(0)
The scorpio also has 5 star safety ratings,(0)
I love Safari Beautiful design.... Scorpio n sidha BADA dabba he... Design Jesa kuchh he hi Nahi.....yar..,(0)
Third row sirf Safari ki comfort he... Scorpio n ki sirf nam ki Diya he....,(0)
Safari can&#39;t be even compared to Bolero Camper 4x4 ğŸ˜‚ğŸ˜‚ğŸ˜‚ its a fuckin crossover..... Stop calling it SUVs,(0)
Kya chutiya compare h bhai....karna h xuv700 ke sath kar na...ki Mahindra xuv700 ko upar hi rakhna h....ğŸ˜¡ğŸ˜¡ğŸ˜¡ğŸ˜¡,"(Comment Reply -@Jawan269: Sahi kaha, Scorpio N ka Comparison sirf new Safari Storm de sakta hai. Par Tata Launch nahi karega. ğŸ™‚)"
Biased opinion from the word go!! In between he compares with old Scorpio than with Safari ğŸ˜…,(0)
Absolutely practical and family vehicle is safari. 4Ã—4 not required for an average use.,(Comment Reply -@user-wn6yv9cu1p: Than Inova is way better than safari.)
"Idiotic review, you leave this platform dear. Tumse na ho payega",(0)
Scorpio N looks dope in real but boring in photos,(0)
Tata Safari is value for this car awesome exterior,(0)
"Chutd ,akele scorpio ko hi khadi krleta jab Asia faltoo review Krna tha to.",(0)
"Scorpio N hands down.RWD, BOF, 4Ã—4 &amp; last but not the least The Awesome driving position!!!!! actually towers over every other car.The Safari should be compared with the 700.","(Comment Reply -@user-wn6yv9cu1p: Safari pehle layak toh hojaye,ğŸ˜‚ xuv700 sabhi important features me safari ka baap he.)"
bro tata safari scored 5star rating in crash test,(0)
Scorpio N the big daddy â¤,(0)
"After launching and till date , in any Major Accident, Scorpio N performed Worst , there r record of 5-7 Occupants Died on Spot in Scorpio N . But Safari seemed Performed amazingly well even in High speed roll Over , and saved its Occupants . This is Fact , not any Story or Gimmick. If i go with any True indian Brand , i&#39;ll definitely go with TATA, The true Practical Gem of India.","(Comment Reply -@user-wn6yv9cu1p: My neighbour died in an accident on a safari. This car strictly need to be crash tested. We indians are not fools dat tata thinks about. But I m proud of Mahindra, they are very versatile with their products and has varieties of options in their Scorpio and XUV models. Also they are officially 5stars safety rated vehicles. Now this is fact, not any story or gimmick or some blind follower of tata or Mahindra)"
Price would be atlest 30+ lacks on road,(0)
"Miss safari dicor, this new safari is worst, upgrade of harrier only",(0)
"Is tata want upper edge, they need to lower the price much more",(0)
Safari Harrier ka koi tod nahi hai looks main,(0)
Love the safari Design. â¤ Looks like next generation though it is not true,(0)
Scorpio looks ugly especially interior is worst pls donâ€™t compare with Safari and you said engine is good in Scorpio but when I drive Scorpio I personally feel itâ€™s not worth comparing to 700,(0)
Scorpio n 4x2 vs safari that&#39;s a fair comparison.,(0)
 lane keep assist hai Jo next software updates mei kaam krna start ho jyga,(0)
 bhaiya now tata gave the best 360Â° camera in this segment with lag free at night there cameras are best . So why you say &#39;just nice&#39; say best in segment,(0)
Gandu seat thoda agge kar leta,(0)
Useless third low explanation about tata safari. U donâ€™t have passion for cars.,(Comment Reply -@sameerpatil3034: Second row can slide in safari)
ayy @motor beam u guys should have made this comparision after official unveil cuz safari has scored 5 strs now,(0)
Iâ€™m a Proud owner of â€˜N,(0)
comparing apple n orange ...Tata Safari all the way...miles ahead,(0)
Biased review...He is a Scorpio fan boi,(0)
Scorpio N is the real SUV with lots and lots of power and better drive capability.,"(Comment Reply -@Jawan269: Yes, Just Like Scorpio N gives Fortuner wala vibes ğŸ˜š â¤)"
"Work more towards the motor world understanding from a global perspective, and you need to work a lot to be a fair reviewer.",(0)
"Safari is top flagship vehicle of Tata, why are you not comparing with 700 ?",(0)
You can go wrong with either of these brands,(0)
"In Safari, please mention if the second row captain seats or the bench, is there a recline function available, and does the seat slide to make knee room for the third row ?",(0)
Safari looks class and next levelâ¤,(0)
Safari best ha but safari stome wali baat nahi ha But scorpoi n â¤â¤ki baat hi kuch or ha Function sa kaya hoa  ha to safari ğŸ˜¢ğŸ˜¢ğŸ˜¢,(0)
"There is absolutely no comparo between these Mahindra is a way better option hereTata: not even their engine not their gearbox no 4x4 overdone tech which we know how it will be in a few years thanks to Tatas after salesğŸ˜‚Mahindra: home grown diesel and PETROL engine brilliant gearbox no nonsense car with more than enough tech,no gimmicks , 4X4The extended harrier doesn&#39;t even come close",(0)
"The Xuv 700 &amp; Safari are both fwd/awd and monocoques and should have been compared. The Scorpio N is a BOF Rwd/4wd SUV. The Safari looks better with more features, but the Mahindra has a better &amp; more reliable engine. ğŸ™Œ",(Comment Reply -@chromewarnock9681: people still dont understand this)
You sound very partial for scorpio N which is very predictable from the beginning of the video ğŸ˜‚ğŸ˜‚ğŸ˜‚,(0)
When you call something an SUV... YOU&#39;RE A BULLSHIT REVIEWER IF YOU DOMT MENTION THE REAR WHEEL DRIVE VS FRONT WHEEL DRIVE BULL CRAP,(0)
Bhai land cruiser 200 ki copy mari hai mahindra ne...gaand marlengi safari ki,(0)
Maybe that tune is not for the 10R.. Put back the stock tune and try it,(0)
I never liked scorpio the dabba car ğŸ˜‚,(0)
One who has drivem scorpio N knows what he is saying. Scorpio N is a drivers car like Pollo GT. So much fun and powerful.,(Comment Reply -@hanumantlondhe4885: ğŸ’¯ agreed)
Scorpio N the Big Daddy of All SuvğŸ’ª,(0)
Its not fair to compare an SUV and an overgrown hatchback,(0)
 bhai bawla smja hai kya viewers ko ab xuv se jyada features hai safari me,(0)
Scorpio n ik dabbaa ha ma kasam mera ik dost ne new lai lagta hini ke koi new car li asa lgta badaa dabaaa le lia ab pachta reha,(0)
Safari is fake suv Scorpio is real suvNo comparison always Scorpio king,(Comment Reply -@rps5952: Fake Suv sells better than real Suv....haha)
Buy safari what is use of 7 seats if last row has no space like XUV or alcazar don&#39;t believe me see by yourself safari is safest more luxurious inside XUV does not feels that opulent and luxurious. Also waiting period is more not because of demand but slow production tata has purchased plant from Ford which can meet demand of market.  Ventilated seat a boon in Indian weather,(0)
Hindi bolne main sharam ATI hain --angreji ki aulad,(0)
Total marketing type video of Scorpio n ğŸ˜…,(0)
2024 Tata Safari seems amazing: great blend of elegance and power.,"(Comment Reply -@vickyplayzz9: Yeah it&#39;s better even in steering,but this guy just gave faults)"
Plz do honest reviews. ..It looks ur fevoribla for scapion ....but tata done a very good design and most of features,(0)
Scorpio N square dual barrel lights ğŸ’¥ğŸ’¥,(0)
Bhai Red dark edition hi thik tha bhai abhi wala fhaltu dikhta h,(0)
khaa kha ke mota ho gaya ...kya review dega tu gende saale,(0)
Who can give a service in Ladakh.....XUV can give that with more satisfaction than tata&#39;s showroom service.... don&#39;t think too much go for XUV ....,(0)
"Scorpio N rearside looks options are of old school design,  Safari is futuristic with elegant design",(0)
Wrong review..everyone knows safari is the bestâ€¦ngl this review is biasedâ€¦even in drag raceâ€¦safari wins easily against scorpio N,(0)
Scorpio N is  a real SUV in all major aspects. Your verdict is 100% right and genuine one.,(0)
"Please just STOP, with the visual description of each and every vehicle that you test drive. We got eyes to see, in case you have not noticed.",(0)
If you want classy lookGo for scorpioAnd if you want to look jocker Go for safari,(0)
â¤â¤â¤ safari looks â¤â¤ awesome ğŸ’¯ğŸ˜ğŸ˜ğŸ‘ğŸ‘ŒğŸ˜Š,(0)
Bhai comparison wala video mt bna tuğŸ˜‚ğŸ˜‚ tu srif Mahindra ghari ka bna usme tmko kushi milgağŸ˜‚ğŸ˜‚,(0)
Scorpio user ğŸ¤¦ğŸ¤¦ğŸ¤¦ please stop making comparison videos please..you can&#39;t compare Scorpio N with Tata Safari not even XUV 700 can compare with Tata Safari&#39;s latest version Nonsense,(0)
Solid gaadi chaiye to Scorpio n lo.....Features ka dabba pasand ho to all new safari has come to make you pappu and loot you ğŸ˜‚ğŸ˜‚ğŸ˜‚ğŸ˜‚ğŸ˜‚,(0)
why your rate of speech is  so high?,(0)
Feeling proud after seeing these Indian beauties!,(0)
"ğŸ˜‚ğŸ˜‚ğŸ˜‚ Jo grill tata ne use Kiya hai woh Mahindra ne use karake chod diya,,, Scorpio is heavy then safariAnd more space then safari,, more power then safari",(0)
scorpio n big daddy of suv,(0)
This guy takes money on mahindra,(0)
"Ya me to I saw so many video of you , every time you donâ€™t like Safari, way of speaking about tata is very rude , I was a big fan of Moter beam and fazel. But you disappointed for biased reviews. Please compare equally. Thanks",(0)
I am a practical guy That&#39;s why I prefer Scorpio NAnd for features I have XUV 700 AX7L AWD which can&#39;t be beaten by safari in any condition,(0)
This wont make sense...compare safari with xuv...realize the fact that og safari is died but scorpio had its son,(0)
"Keeping prices of both these cars aside , TATA Safari is a better car than Scorpio N any given day",(0)
"Petrol XUV700 anytime, very fuel efficient on highway around 16kmpl, no mode options, car is always in sport mode ğŸ˜‚",(0)
i will say if any one wants a aggressive then go  with scarpioğŸ˜˜,(0)
"These guy support Scorpio that means he is anchor for safari, your judgement doesn&#39;t care, safari gives much more than scorpio n.",(0)
"What about body roll in both vehicles, especially Scorpio. While it absorbs bumps very well, it has body roll.","(Comment Reply -@itsme1938: If that is said, won&#39;t Scorpio become negative?)"
Another crisp and no bullshit review.,(0)
Nicely presented I was waiting for a good review comparison SAFARI and ScorpioN,(0)
"looking up the interiors Safari looks more premium than the Scorpio N, though Safari just get Front wheel 2WD bu Scorpio N comes in 4WD and RWD seems the right drive trains for a SUV",(0)
IMO we shouldn&#39;t compare safari with Scorpio N. Safari is FWD monocoque family vehicle. Whereas scorpion N is RWD LOF go anywhere SUV. Safari is for the person who wants a comfortable cruiser for long highway rides for his family and Scorpio N is for the person who loves adventure and wants to explore places,(0)
Keep fighting Tata &amp; Mahindra fan boys. Bikna to tunhari gaadi hai nahi - Maruti and HyundaiğŸ˜‚,(0)
tata safari  better than mahindra scorpio .... tata safari not better than mahindra xuv 7OO,(0)
"Mahindra Group as always pays high amounts to social media influencers to create good hype to sell their cars .... hamari bholi bhali janta ,,, jo dikhta  hi vahi bikta hai !! Massive hype was created when xuv700 launched &amp; double hype created ,good amount of money given to social media to promote scorpio n",(0)
Tata is just crap. No after sales service. Pathetic. Mahindra is far far better. Normal people are buying mahindra SUVs more. Just look at the sales nos.,(0)
à¤•à¥à¤¯à¤¾ à¤¡à¥€à¤œà¤² à¤•à¤¾à¤° à¤²à¥‡à¤¨à¤¾ à¤¸à¤¹à¥€ à¤¹à¥‹à¤—à¤¾?,(0)
à¤Ÿà¤¾à¤Ÿà¤¾ à¤¸à¤«à¤°à¥€ à¤¸à¤¬à¤¸à¥‡ à¤…à¤šà¥à¤›à¥€ à¤—à¤¾à¤¡à¤¼à¥€ à¤¹à¥ˆà¤‚ ğŸ’ªğŸ’ªğŸš˜,(0)
This Scorpio is not macho safari has improved,(0)
This model of mahindra Scorpio n is totally ugly with dull sad face looks,(0)
"Once you drive petrol scorpio N , you&#39;ll never look for any other car . It is crazy fast and sick. Safari is overrated",(0)
"Main thing is Power , which is much less in Safari compared to ScorpioN. You can feel that while you drive Safari. Then the  next is Driving Performance is much better in ScopioN. Safari is having more electronics and touches , be careful.",(0)
The video is majorly baised to scorpio.. it is like cheating to your viewers for some little amount of money.. shameful,(0)
Bhai Sab Rokde ki Baat hai. I wanted safari 6 seater but it was out of my reach so i bought 6 seater scorpio n. But safari is way ahead of Scorpio,(0)
"Hi, When you compare, put on the price on road too",(0)
Third row of the Safari is actually far more comfortable with sliding second row and all creature comfortsâ€¦Its better than some of the bigger SUVâ€™s. Scorpio is no comparision for the safari please compare it with XUV 700.,(0)
Yes this guy donâ€™t like Tata cars personally thatâ€™s why he talking about more Scorpio .. but safari is far far better then Scorpio in terms of fit and finishedâ€¦ one of the worst camera quality Scorpio n have .. so many best features he missed it .. digital display of safari where u can get navigation just in high end car like bmw and merc â€¦,(0)
Scorpio N&#39;s presence is way better than safari. Safari looks just bloated Harrier.,(0)
"Madarchooth how much did you took from scorpio ,... ğŸ¤¬ğŸ¤¬ğŸ¤¬ğŸ¤¬ğŸ¤¬",(0)
Still sales of ScorpioN and Scorpio classic is way more than harrier and safari,(0)
"Really not happy with this comparison, scorpio hi scorpio Kiya Hai is Bande ne ğŸ˜‚, he is like ...safari is a bullockcart .!Not disappointed by the guy , but with the channel , Motorbeam !! Not expecting this .",(0)
I dont think he is biased towards scorpio...of course he will has his personal opinion which he voiced out...but he has covered all aspects of both cars well ...pros and cons..i am a safari owner ..third time safari owner ..currently owning a red dark optional variant...so i am not supporting him as a scorpio owner...he has done good job...recommend seeing this  vdeeo...post this video safari has got 5 star rating for safety in NCAP rating ..,(0)
"Mileage of safari should be more, taking its a front wheel drive",(0)
How much does Mahindra pay you people ğŸ˜‚ğŸ˜‚ğŸ˜‚ğŸ˜‚,(0)
Tata safari se tata ka logo hta do or landrover ka lga do ye aag lga degi market me,(0)
Is Scorpio N a  full size suv or medium size ?,(0)
"Thanks for the video. However, it was a biased review since you like the Scorpio from the start. Also, products compared here are not like for like. As others pointed out, it should have been XUV700 vs Safari. BTW, I&#39;m surprised you said &quot;reliability is questionable due to loaded technology&quot;. Should we go back to Amby or Padmini? :) Great work by both TATA and Mahindra ğŸ‰ğŸ‰ keep the good works.",(0)
Vai sirf tereko hi safari bekar lagi.tata wale paisa nehi diye sayad.ğŸ˜‚,(0)
Both are amazing ğŸ˜ . Withâ­â­â­â­â­ safety rating global Ncap. I want to go for Safari.,(Comment Reply -@classicalmusic3979: OK)
90&#39;s Kids Comeback Name Both My Favourite Car Mahindra Scorpio-N Vs Tata Safari This His 2K Kids 2023 ğŸ”¥,(0)
New safari should compete with xuv700 Scorpio N is for much more rough rigid people,(0)
Mahindra Scorpio-N-&quot;Big Daddy Of SUVs&quot;Tata Safari 2023-&quot;Reclaim Your Life&quot; Both Mass Car ğŸ”¥ I Promise For Kiara Advani,(0)
bhai scorpio bechna h to usi ka vlog banalopr biased review mt do,(0)
Excellent presentation and to the point. Thank you,(0)
ğŸ‘ŒğŸ‘Œboth r good for hard drivers ğŸ˜ºglad I bought Alcazar â€¦ atleast it has better bootspace â€¦ good family 5+2 seater car ğŸ«¶,(0)
"No car is near the scorpio n in terms of road presence, even fortuner is quite challenged by scrpio n. The only improvement in scorpio n that can be done is 19inch wheel if that happens then it will definitely beat the fortuner in terms of road presence",(0)
"For a new buyer, one should take test drive of both the cars and no one will ever want to buy any other car than scorpio n. The sitting position of driver is way much commanding than any other car.",(0)
One thing to consider for all the fools who think safari is more stylised and is a gamechanger...if safari is such a boss of all cars...so is the harrier ...so is the nexon...and so will be the upcoming tata curvv...tata in order to please everyone has made all thier cars feature loaded and offered no differentiation for premium cars except the size...so my frnd if you think you will look cool parking infront of your house a brand new safari...be ready ...half of your city...your neighbours is also getting one of these similarly offered packages only boxes being big or small.... ulitmatly masses will become masses ..no exclusivity...fucking becoming new maruti nothing else...ğŸ˜‚ğŸ˜‚ğŸ˜‚ğŸ˜‚ğŸ˜‚,(0)
"i used to drive safari, later safari storme. both are ladder frame SUV[2*4]. now i would like to buy scorpio N Z4 4*4,  is it best choice or go for innova crysta hybrid. my regular  travel doesnt have serious off roading. please suggest.",(0)
safari third row is more spacious than scorpio n. please check it properly. Dont misguide the people.,(0)
 safari bacchi lagti hai scorpio ke saamne,(Comment Reply -@hirenkumar4052: Blind ğŸ˜‚)
Without watching I can say u will say both r best ...if u want this take Mahindra and if u want that take tata ğŸ˜‚ğŸ˜‚ğŸ˜‚,(0)
First you should not compare real SUV with some monocoque without even AWD... Safari can be a good  MPV which can carry 7 seats in comfort and do some mild off-road with the help of its advanced traction control system but no way it is close to the real 4x4 system when you need off-road abilities.Both are different segment vehicles...,(0)
Bakwas review. Scorpio N can never compete Safari,(0)
Safari looks better than scorpio n.,(0)
Features ke mamle me safari bohat age ha scorpio N se.,(0)
No match of S A F A R I .,(0)
Bringing a 19 inch with 17 inch ..not acceptable,(0)
Bro didn&#39;t use gesture senser of tail gate so that scorpio n don&#39;t look downed ğŸ˜‚ğŸ˜‚ğŸ˜‚ğŸ˜‚,(0)
why did they cover 4xplor badge on the scorpio,(0)
Ooh bhai comfortable driving me scorpio n is the best features nahi hai thike lekin driving me scorpio n,(0)
"A minute difference between the true big daddy suv and sudo suv is when you opt to buy the base models of both the cars the safari offers all safety features like the ESC, Hill hold control traction control whereas Mahindra who brands themselves as a true SUV brand does shitty cost cutting by omitting these basic safety features an SUV should must have",(Comment Reply -@kunalverma2746: Base safari is 19 laks<br>Base scorpio N is 15 lakhs)
Sound . Camera not good its superb,(0)
"Itâ€™s completely bisas for scorpion. I jst test drive scorpion at. Its slight slow.changing gear feels while its at eventhough. Scrolion small infotainment screen n very low e resolution. These things not said by him, its sponsored video by Mahindra",(0)
Xuv 700 left the race ğŸ˜‚ now,(0)
"Safari is super, even harrier looking great now",(0)
Safari is loaded with features and seems like a 6 seater sedan. Whereas scorpio n is rugged 4x4 and proper suv. If suv is considered definitely this scorpio n. Ps. Offroad capabilities in scorpio n,(0)
"In my opinion, Both cars are good but 1 major drawback of Tata Safari (infact all latest Tata cars) &quot;Please stop wasting time n money in making designs n techs only&quot; Do something for reliability and practicality ğŸ˜‡ğŸ™",(0)
The worst review ever I saw ..... Good job bro....keep doing....,(0)
English bolne wale hi lete h kya bro safari scorpio,(0)
Fake comparison. This guy is favour to ScorpioğŸ˜‚,(0)
Safari is here to rule. Scorpio is good but Safari having an edge over it. Kudos to TATA for bring in such a good car,(Comment Reply -@kunalverma2746: Which car do you own?)
Paid promotion. Motoroctane gives 100% genuine review.,(0)
Go with scorpio only if u frequently offroad or utilize 4x4 effectively or else safari is top notch and incomparable,(0)
"Safari is way more better than Scorpio N, Scorpio N has got much Body role and leads to less confidence while driving at the higher speeds",(0)
Bhai Ki Third Row Mein Jate Hi Saans Phool Jati Hai!!!,(0)
Abe hindi me bol le hmm shayad bharat me h,(0)
Scorpio 3rd row looks so suffocating because of the bench seats... Safari&#39;s 3rd row is almost as luxurios as it gets,(0)
Not sure why people compare a FWD with a RWD,(0)
Both products are from own country ..so we should support them â¤,(0)
Chacha ji can you pls let us know from which angle does Safari appear sophisticated to you .Kuch bhi,(0)
"I&#39;m more into upcoming scorpio n global pickup ğŸ˜‹, i loved the Scorpio n, she&#39;s like a muscular wife",(0)
you are totally biased with scorpio N which is not even in competition with the safari. Do genuine reviews so that more people will follow you. Watch &#39;Motoroctane&#39; channel and check their genuine review.,(0)
I am with safari and always with tata motors ğŸ’ªğŸ’ªğŸ’ªâ™¥ï¸â™¥ï¸â™¥ï¸â™¥ï¸â™¥ï¸â™¥ï¸â™¥ï¸ğŸ˜ğŸ˜ğŸ˜ğŸ˜ğŸ˜,(0)
Didn&#39;t talk about price......? VFM quotient....ground clearance...etc...important issues overlooked...!,(0)
Nice information in the right time iam little bit confuction which one to buy TQ nice information,(0)
Why r u comparing crossover with SUV. Scorpio n SUV is far better than crossover,(0)
nice review ....telling both positives and negatives...,(0)
Scorpio N Global NACP rating was 0 whereas Safari got 5 stars rating. And it&#39;s safe to say that when it comes to safety you should go for Safari ğŸ˜‰,(0)
"Real problem with safari is price,engine refinement is less than mahindra,resale value,service Its not 4wd or 4*4 Where Scorpio will provide all these thing easily",(0)
to ppl who say it shd be xuv 700 vs safari...i think this comparison is donce coz of the iconic brand names and how they have changed iver years...coz its started back as scorpio vs safari.,(0)
"Tata Safari has so good feature and comfortable car ,I LIKE TATA SAFARI",(0)
Faisal khan and his entire team is being biased with Tata..,(0)
Mahindra jaisa bhaukaal tata kabhi nahi bana sakega. But I love both Indian automobile brands (Mahindra and Tata),(0)
"Scorpio N hands down.Tata has shit quality, mileage and service.Mahindra despite 2.2 Ltr engine gives 14 to 16 mileage if driven properly. Which idiot will buy Tata Safari which gives mileage equal to fortuner.In terms of quality Tata Cars are worse than garbage trucks.Resale value - Even tata fans will not buy shit cars",(0)
"Wondering did MB know how many of 4X4 and AWD sold  against the 2 wheel drive of XUV 700, Scorpio N â€¦ it is very negligibleâ€¦ wondering what is durability means to this team ..? 4X4 ? Or Petrol? Durability should talk about the platform build, fit and finish â€¦etc which he never talked about much â€¦ Guys if you want to do advertising for a Brand do it by saying sponsored video â€¦ plz donâ€™t use the word review â€¦",(0)
Bhai tere jaise log ko agar tata luxury bhi provide kar dena toh tumlog manne ke liye tayar hi nahi hoge kuch na kuch kaami nikalo ge hi,(0)
I know safari is better in almost everything but i just canâ€™t get over scorpio n ğŸ˜­ if tata launches safari storme/classic then itâ€™s a different story cause us 90â€™s kids have grown up in the era of classic safari and classic scorpio,(0)
Scorpio sponsored channel...Hahahaha i also understand Mahindra is spending sponsoring many such auto channels... LOL,(0)
Bhai hindi me bolo please â¤ğŸ˜Š,(0)
koi nai bolega ki video biased hai,(0)
"There&#39;s no comparison scorpion is more of a real Suv with ladder chassis + real wheel drive with 4Ã—4 optional. While tata safari is more of a Suv sized hatchback with front wheel drive. Scorpion is a sport utility vehicle, the go anywhere vehicle while safari is a city oriented car , that&#39;s that!",(0)
looks like this guy is tilted towards scorpio-n. Scorpio fanboy.,(0)
Bhai tu kitne me bick gya jo itni side scorpio ki le rha h,(0)
How will Reliability gets reduced if their are tech involved? Matlab kuch bhi to mat bako,(0)
ğŸ˜‚ scorpio n owner yahi h lgra h bhedbhav kyu,(0)
Tatta kids crying in comment section ğŸ¤¡,(0)
I take of my Scorpio n z8l diesel manual 4x2 black but my car have hawabazi,(0)
Scorpio for mafias and politiciansSafari for normal people Choose who are you ?,(0)
I&#39;m 6&#39;2&quot; tall guy when I sat on 3rd row of safari I didn&#39;t face any problem in knee room and comfort you can slightly adjust 2nd row seat which can create knee room.,(0)
à¤…à¤—à¤²à¥€ à¤¬à¤¾à¤° à¤µà¤¿à¤¡à¥€à¤“ à¤¬à¤¨à¤¾à¤¨à¤¾ à¤¤à¥‹ à¤¹à¤¿à¤¨à¥à¤¦à¥€ à¤®à¥‡ à¤¬à¥‹à¤²à¤¨à¤¾,(0)
Hello #MotorBeamers! Which one will you buy?,(Comment Reply -@stebinmolshoy4298: Any day Scorpio N)

Video Title,Video URL,View Count,Comment Count,Channel Title
Is the Mahindra Scorpio-N Diesel Manual the best of the lot? | Review | PowerDrift,https://www.youtube.com/watch?v=BVNx0Y6eAqg,628528,233,PowerDrift

Comments for Video ID: BVNx0Y6eAqg
Comment,Reply
"Hey #PDArmy, would you pick the new Scorpio-N diesel manual or is there something else that you&#39;d like? Comment below, and give the video a Like if you want to see more!",(Comment Reply -@shannonrego6517: anyday automatic for the generation we are in with high level of traffic jam in metro cities like bangalore)
"I m bit worry about average,mahindra not declaring kmpl",(Comment Reply -@mallhar9964: You can expect single digit avg in AT and 12-14 in MT)
ğŸ˜‚ğŸ˜‚ğŸ”¥ recently sliding in the first comments,(Comment Reply -@powerdriftofficial: ğŸ¤£)
Last seats are not good I did not like it,(0)
Waiting for the base model review! atleast pls show how its look,(Comment Reply -@harshpawar7272: IT DOES LOOK QUIET BAD AS I HAVE SEEN IN PHOTOS :()
Even you spend 19 lacs you don&#39;t get alloy wheels and ACC? What kind of strategy is this?,"(Comment Reply -@manishpandey5573: After spending 60 lacs u dont even get a sunroof in Fortuner! Here at least u can pay 50k more for the Original alloys , just consider the price as 19.5 instead of 19 , but in fortuner u cant get a sunroof no matter what u pay !)"
Why Mahindra these days making their petrol engines more powerful than the diesel one i mean the petrol has 200bhp with 370nm torque where as diesel has 175bhp with 370nm/400nm torque,(Comment Reply -@47.FortySeven.47: Cause Diesel is Crap with too Many Restrictions and a 10 Year Limit in Delhi NCR whereas Petrol Dosent have these issues)
My pick is z8 diesel manual 4WD anyday â¤ï¸ğŸ”¥,(Comment Reply -@jaikinger28: for that u gotta have that money)
Many here caught your drift ğŸ˜,(Comment Reply -@powerdriftofficial: Haha!)
I need a review of z6,(0)
But a petrol 4x4 variant is a need of the hour as the diesel one will not start in a winter expedition or in a sub zero temperature due to blue/urea getting frozen in those conditions....,(Comment Reply -@darkknighthacker07: Someone has made a video exactly opposite. Go check it outs. Its a red thar!)
booking z6 diesel manual on 30 jul,"(Comment Reply -@powerdriftofficial: Hey, congratulations Abhisek! :D)"
You forgot to mention that mt gets smaller 17 inch wheels,(Comment Reply -@yashpalchaudhary9752: Those can be changed to 18 inch wheels!)
Good to see u wear Seiko 5 special edition,(Comment Reply -@Rajatgupta1294: That watch looks so damn good)
one wrist getting bigger than the other is every guys problem ğŸ˜‚,(0)
 couldn&#39;t agree more!ğŸ˜‚They&#39;re just a bunch of senseless clowns in all honesty.The cars always end up looking ugly ğŸ¤¢Ou Chutiya balliyeğŸ¤¡,(0)
I see the Brian May 5kx ğŸ‘€. Decent taste in watches there Cy!,(0)
I am glad you arent afraid to admit that you prefer automatic. I am tired of meeting fakers who claim they love manual but their usual driving is commute to work in a metro traffic.,(0)
Please tell which song was playing in cinematic shot at start ..... ğŸ’™,(0)
Please review the z4 if possible.,(0)
"Annoying music big no no, just please focus on car",(0)
No boot space at all. Will you carry your Luggage on your head with 7 people onboard ?,"(Comment Reply -@manishpandey5573: Ha ha ha ha this is the D u m BÂ£st notion ğŸ¤£ğŸ¤£ğŸ¤£ğŸ¤£ğŸ¤£ if u are travelling with 7 people and u are going for holidays or something, wont u think u must have at least 4-5 big bags , even if you are going for 2-3 days ! No car can gulp those bags in the boot after 3 rows up , none ! Everyone knows they require a roof carrier for that ! At least here u can use roof carriers because of usable roof rails , 90 % of cars out there dont have usable roof rails , carens , alacazar etc , and many other have panoramic sunroof like Safari , Xuv 500 etc , which again cant accommodate roof carrier ! Here at least we can use roof carrier!)"
Can the ride quality compared to Innova crysta?,(0)
Bhai agar tu automatic hi kharidega toh kyu Manuel ki review kar raha he ğŸ¤£According to Cyrus body on frame &amp;fwd car vhi Suv he ğŸ¤£Cyrus sucks,(0)
We all can feel that passion when cyrus says &quot;whatever you do though buy one in black&quot; that says all about those passion and craziness we all carry.,(Comment Reply -@CyrusDhabhar: ğŸ˜ğŸ˜ğŸ˜ğŸ˜ğŸ˜)
"yes yes, we do catch your Drift here sir :)",(0)
I think it&#39;s design clue is also taken from Toyota LandCrusier,(0)
The true DNA of a SUV comes when it has body on frame chassis. Kudos to Mahindra every time.  Is the scorpioN also have 4wD in manual?,(Comment Reply -@godwingeorge1880: Yes.. Diesel only)
The editor is nailing the sound part !!!,(0)
Pround of indian car brands ...from a mauritian hinduGreat job,(0)
"Powerdrift, whatever you have changed in the editing or in the soundtrack department, is just mind blowing.I donâ€™t know why, but this video seems a lot more engaging somehow ğŸ˜",(0)
Dear PD.. just go n make movies man.. awesome bringing best out of the best...ğŸ‘,(0)
"Which gearbox felt better, MT or AT?",(Comment Reply -@interceptingthetime: AT)
"No offense to you Cyrus, I like your reviews. But this should&#39;ve been reviewed by someone who believes in Manual. Someone who likes Automatic-T better will not understand why we need a Manual-T.",(0)
Background music is soo scery ğŸ˜…ğŸ˜…ğŸ˜…ğŸ˜…,(0)
You&#39;ve changed the alloys? ğŸ¤” Or are they factory fitted?,(0)
Probably the video I have enjoyed the most from PD ever â¤ï¸,(0)
nice choice in the red dial seiko 5 cyrus! ;),(0)
"The background music is so, so pleasing , made video even more loveable",(0)
The BGM emphasised the video is viewed about this SUV,(0)
Too much of cinematics and less info. Was it 4x4 or normal one? Needed more info.disliked.,(0)
Mahindra should launch a Bolero N as well. With top end 20L on road,(0)
Why so much hate for the Manual Gearbox nowadays from PowerDrift?,(Comment Reply -@DeepakSharma-sq5zg: Not sure if you watched the video carefully mate)
Nice watch Cyrus â¤ï¸I&#39;ve noticed in so many videos that you have such a nice collection of watches.ğŸ‘Œ,"(Comment Reply -@videosulllike3110: <a href=""https://www.youtube.com/watch?v=BVNx0Y6eAqg&amp;t=153"">2:33</a> Here he is flaunting the Seiko 5 sports Brain May edition.)"
How would rate scorpio-n Z8&#39;s 4*4 capabilities when compared to Thar.,(0)
"Non sense of senses....Just be straight.....Not interested in Cyrus option....Bulshit.Just say rpm is to high, but really don&#39;t matter...Who are you to decide beee...",(0)
"Music is just too loud, please, lower the volume",(0)
"I had added Z8 4WD AT before the prices were revealed. I changed it Z4 4WD MT just for the same reason you mentioned at the end. Also, it is going to be BLACK ğŸ¦‚.","(Comment Reply -@mehtabshaikh8727: Ok,ğŸ˜)"
So much bak and no offroading..ğŸ¤¦,(0)
Booked z6 before Mahindra price hike like in thar or XUV.,(0)
"Don&#39;t buy the higher models, because you get the YouTubers reviewd cars just washed and polished. Mahindra won&#39;t make lot of cars in factory",(0)
You don&#39;t wanna drive manual.. Are you enthusiast thenğŸ¤”,(0)
One wrist is  looking bigger than another one.ğŸ˜‚ğŸ˜‚ğŸ˜‚,(0)
Great ğŸ‘Any idea whether an Eaton MLD can be added later?,(0)
Enjoyed the video.. nice one PDğŸ‘,(0)
 yes Cyrus caught that drift XD. Also punjab reference XD,(0)
Shame on powerdrift for wrongfully using my clip in one of your interview videos. The most unethical and downright audacious channel on YouTube for Auto reviews.,(0)
Damn the BGM in this video ğŸ”¥ğŸ”¥ğŸ”¥ğŸ”¥,(0)
The Scorpio vs ScorpioN is basically Bolero vs Bolero Neo. Love it or otherwise.,(0)
We do catch your drift bro ğŸ’ªğŸ˜‚,(0)
"Your wish my command, buying one Z8L 2WD in BLACK ğŸ˜… (If Mahindra managed to deliver it within this year, else Safari I am coming to you also in Black)",(0)
How to become a moto journalist - Always end your sentence with BUT!!!ğŸ™„,(0)
"on a side note, the prroduction quality of this video could easily rival yesteryears Top Gear, or even the ones reviewd by Chris Harris...Kudos Team PD....Kudos..............",(0)
Cyrus ur the bestâ€¦i see every review and they give me pleasure but u give sheer happinessâ€¦.and I donâ€™t know why,(0)
Well 2100 RPM at 100 kmph is high rev range for this engine despite being in legal speed limit.,(Comment Reply -@interceptingthetime: it didn&#39;t feel while driving it)
Which is the Best? Z8L MT 4WD or Z8 AT 4WDBoth cost the samePros of AT : Easy DrivabilityMore Torque18&quot; AlloysPros of Z8L MT : Thril of Manual Additional FeaturesBut 17&quot; alloys that look kinda smallNow you guys suggest ğŸ¤·ğŸ»â€â™‚ï¸,(Comment Reply -@imranansari84: Up h o)
I was waiting for your review and you summarize the thoughts I had.,(0)
How do you keep your script so crisp....wow ğŸ‘Œ,(0)
Is this the z6 variant?? Or the z8?,(0)
"Do Manual and Automatic have drastically different gearing ratios, like the Thar?",(0)
the top end is extremely expensive for a Mahindra and one should be wary about all the dpf isssues. Cost over 30 lakhs onroad in bangalore . wtf,(0)
M in love wid the BGM....may i kw the name of the music??!,(0)
Lovely video Cyrus !! Unfortunately Z4 doesn&#39;t come with Auto 4x4 so have to opt for Z8 only.,(0)
Whatever you do though buy one in blackğŸ–¤,(0)
Put this automatic guy in his automatic suv and give some manual guy to test the vehicle.,(0)
"No matter you buy an automatic or manual the feel it gives is just awesome. And yes,  the legacy of Scorpio continues.. ğŸ‘ŒğŸ‘Œ",(0)
Man - Manual transmission....kids - automatic transmission,(0)
"Hilly regions, village/rural areas prefers manual.So manual do give a good proportion of sale",(0)
Manual is good for long drive with low maintenance in future.,(0)
"Last Line was lit, &quot;Whatever you do though buy one in BLACK&quot;",(0)
Booked at Introductory price &#39;Z8L- Deep Forest- Diesel- Manual- 2wd&#39; ğŸ˜‡,(0)
To Cyrus..One of the best reviewers at current..Love your style n explanations,(0)
booked Z8L 2WD diesel manual BLACKKK !! can&#39;t wait to drive this beast on long road trips,(0)
That&#39;s one mean machine. It looks good in Black.,(0)
"I guess Manuals are the best for car enthusiast, as we drive the manuals and  in Automatic, cars drive us as per my opinion",(Comment Reply -@smugwise: true!!)
"Hi, is it worth buying Z6  diesel manual. Considering the upcoming restriction on diesel vehicles, need clarity if buying z6 now will be a issue of restriction in future and also for resale vlaue in future","(Comment Reply -@asullya4934: Z6 is not worth because first of all Mahindra is not delivering it as of yet, and when you receive it the prices would have increased a lot. And 2nd, it just has Alexa and Sunroof on top of lower Z4 model. So, my humble opinion is Z4 is more VFM and save that money for fitting the alloys. And that&#39;s what I did. My Z4 D AT already reached the dealership.)"
 why does the image look like CGI?,(0)
"By just one dialogue of yours that you rather buy an automatic over a manual ..  You lost my respect.  For me, you are not a person who loves cars you are a person who knows to drive.",(0)
how about the Petrol Manual (I am thinking about the base variant Z2) ?,(0)
"Is the gear shift smoother and shorter , please suggest",(0)
Please bring us drive review of z2 or 4 diesel,(0)
"Bro, you are very right about getting an automatic one. Its more practical approach. Thanks for the review. I would definitely get the black one. ğŸ¤—",(0)
Great car bad review...plz don&#39;t give him 4x4s to reviewğŸ˜Š,(0)
 yes!!â€™ z4 is good deal. better than getting faux SUV. i am in love with driving after I got black z4 diesel manual. upgraded from i10 which had killed my love from driving. now I just want to go for a drive â¤,(0)
"Hey #PDArmy, would you pick the new Scorpio-N diesel manual or is there something else that you&#39;d like? Comment below, and give the video a Like if you want to see more!",(Comment Reply -@shannonrego6517: anyday automatic for the generation we are in with high level of traffic jam in metro cities like bangalore)

